URL,Product Name,Selling Price,MRP,Discount,Image URL,Rating,Review Count,Brand,Features
https://www.amazon.in/iQOO-Lite-Cyber-Green-Storage/dp/B0H1JGWF81/ref=sr_1_1,"iQOO Z10 Lite 5G (Cyber Green 2026, 4GB RAM, 64GB Storage)",₹14999.,"₹4,47,000.00",46%,https://m.media-amazon.com/images/I/61ImCLk1sqL._SL1200_.jpg,4.2 out of 5 stars,"(7,645)",iQOO,"Segment's biggest battery 5G smartphone* - Powered by a massive 6000mAh battery & 15W FlashCharge, keeping you ahead of the day with uninterrupted energy for entertainment, work, and everything in between | Dimensity 6300 5G Processor with 433K+* AnTuTu Score - A highly power efficient 6nm chip with CPU speeds upgraded to reach 2.4 GHz delivering a lag-free everyday experience with low power consumption. | IP64 Rated & Military Grade Shock-Resistance* - Fearless against the dust, rain, Forging Ahead. No need to worry about unexpected splashes in life with IP64 protection. Also, enjoy Protection from accidental drops from pockets or desks with Military grade shock resistance. | 50MP Sony AI Camera - Snap stunning photos with advanced AI features like AI erase, AI Photo enhance, AI document mode & many more. | 1000 nits High Brightness Display - Enjoy the ultimate viewing experience with 6.74"" (17.13 cm) Large display, 90Hz Refresh Rate & 1000 nits High brightness mode"
https://www.amazon.in/iQOO-Lite-Cyber-Green-Storage/dp/B0H1JG89ZB/ref=cs_sr_dp_2,"iQOO Z10 Lite 5G (Titanium Blue 2026, 4GB RAM, 64GB Storage)",₹14999.,"₹4,47,000.00",46%,https://m.media-amazon.com/images/I/613RKG4NCgL._SL1200_.jpg,4.2 out of 5 stars,"(7,645)",iQOO,"Segment's biggest battery 5G smartphone* - Powered by a massive 6000mAh battery & 15W FlashCharge, keeping you ahead of the day with uninterrupted energy for entertainment, work, and everything in between | Dimensity 6300 5G Processor with 433K+* AnTuTu Score - A highly power efficient 6nm chip with CPU speeds upgraded to reach 2.4 GHz delivering a lag-free everyday experience with low power consumption. | IP64 Rated & Military Grade Shock-Resistance* - Fearless against the dust, rain, Forging Ahead. No need to worry about unexpected splashes in life with IP64 protection. Also, enjoy Protection from accidental drops from pockets or desks with Military grade shock resistance. | 50MP Sony AI Camera - Snap stunning photos with advanced AI features like AI erase, AI Photo enhance, AI document mode & many more. | 1000 nits High Brightness Display - Enjoy the ultimate viewing experience with 6.74"" (17.13 cm) Large display, 90Hz Refresh Rate & 1000 nits High brightness mode"
https://www.amazon.in/MediaTek-Dimensity-7540mAh-Battery-HyperCharge/dp/B0H293SFTR/ref=sr_1_3,REDMI Turbo 5 (8GB + 256GB) Turbo White | MediaTek Dimensity 8500 Ultra | Mega 7540mAh Battery | 100W HyperCharge | Compact 16.75cm(6.9) 120Hz Display | 50MP Sony OIS Camera | Upto 60% Assured Buyback,₹37999.,"₹4,47,000.00",31%,https://m.media-amazon.com/images/I/71-soe9ImCL._SL1500_.jpg,Previous page,N/A,XIAOMI,"Flagship Performance Chipset: Powered by the MediaTek Dimensity 8500-Ultra (TSMC 4nm process, up to 3.4GHz) and an advanced REDMI 3D Ice-Loop Cooling Technology. It runs seamlessly on the next-gen Xiaomi HyperOS 3 with up to 12GB LPDDR5X RAM (Expandable up to 24GB) and 256GB UFS 4.1 storage | Revolutionary Battery & Charging: Features a massive 7540mAh Silicon-Carbon battery with 100W Xiaomi Hypercharge and 27W wired reverse charging to power other devices on the go | Stunning Sunlight Display: A compact 16.75cm (6.59) ultra-narrow bezel 1.5K AMOLED display with a fluid 120Hz refresh rate, a blinding 3500 nits peak brightness, and Xiaomi Premium Eye Protection（ TUV Eye-protection Certified). One of the only displays in the segment to house a 12-bit display supporting 68Bn+ Colours | Sony Pro Camera: Capture perfection with the 50MP Sony large-aperture main camera (IMX882, f/1.5, OIS), an 8MP ultra-wide lens, and a 20MP HD Selfie shooter. TurboSnap Burst mode - up to 100 pictures captured in 4.4s | Ultimate Durability: Built to withstand the elements with advanced IP66, IP68, IP69, and IP69K water and dust resistance. Aero-space Grade Metal Frame with Corning️ Gorilla️ Glass 7i Protection"
https://www.amazon.in/MediaTek-Dimensity-7540mAh-Battery-HyperCharge/dp/B0H297XH3K/ref=cs_sr_dp_2,REDMI Turbo 5 (8GB + 256GB) Asphalt Black | Dimensity 8500 Ultra | Mega 7540mAh Battery | 100W HyperCharge | Compact 16.75cm(6.59) 120Hz AMOLED Screen | 50MP Sony OIS Camera | Upto 60% Assured Buyback,₹37999.,"₹4,47,000.00",31%,https://m.media-amazon.com/images/I/71bLajf7zqL._SL1500_.jpg,Previous page,N/A,XIAOMI,"Flagship Performance Chipset: Powered by the MediaTek Dimensity 8500-Ultra (TSMC 4nm process, up to 3.4GHz) and an advanced REDMI 3D Ice-Loop Cooling Technology. It runs seamlessly on the next-gen Xiaomi HyperOS 3 with up to 12GB LPDDR5X RAM (Expandable up to 24GB) and 256GB UFS 4.1 storage | Revolutionary Battery & Charging: Features a massive 7540mAh Silicon-Carbon battery with 100W Xiaomi Hypercharge and 27W wired reverse charging to power other devices on the go | Stunning Sunlight Display: A compact 16.75cm (6.59) ultra-narrow bezel 1.5K AMOLED display with a fluid 120Hz refresh rate, a blinding 3500 nits peak brightness, and Xiaomi Premium Eye Protection（ TUV Eye-protection Certified). One of the only displays in the segment to house a 12-bit display supporting 68Bn+ Colours | Sony Pro Camera: Capture perfection with the 50MP Sony large-aperture main camera (IMX882, f/1.5, OIS), an 8MP ultra-wide lens, and a 20MP HD Selfie shooter. TurboSnap Burst mode - up to 100 pictures captured in 4.4s | Ultimate Durability: Built to withstand the elements with advanced IP66, IP68, IP69, and IP69K water and dust resistance. Aero-space Grade Metal Frame with Corning️ Gorilla️ Glass 7i Protection"
https://www.amazon.in/MediaTek-Dimensity-7540mAh-Battery-HyperCharge/dp/B0H29F8M8J/ref=cs_sr_dp_3,REDMI Turbo 5 (8GB + 256GB) Nitro Blue | Dimensity 8500 Ultra | Mega 7540mAh Battery | 100W HyperCharge | Compact 16.75cm(6.59) 120Hz AMOLED Screen | 50MP Sony OIS Camera | Upto 60% Assured Buyback,₹37999.,"₹4,47,000.00",31%,https://m.media-amazon.com/images/I/714e05N5QoL._SL1500_.jpg,Previous page,N/A,XIAOMI,"Flagship Performance Chipset: Powered by the MediaTek Dimensity 8500-Ultra (TSMC 4nm process, up to 3.4GHz) and an advanced REDMI 3D Ice-Loop Cooling Technology. It runs seamlessly on the next-gen Xiaomi HyperOS 3 with up to 12GB LPDDR5X RAM (Expandable up to 24GB) and 256GB UFS 4.1 storage | Revolutionary Battery & Charging: Features a massive 7540mAh Silicon-Carbon battery with 100W Xiaomi Hypercharge and 27W wired reverse charging to power other devices on the go | Stunning Sunlight Display: A compact 16.75cm (6.59) ultra-narrow bezel 1.5K AMOLED display with a fluid 120Hz refresh rate, a blinding 3500 nits peak brightness, and Xiaomi Premium Eye Protection（ TUV Eye-protection Certified). One of the only displays in the segment to house a 12-bit display supporting 68Bn+ Colours | Sony Pro Camera: Capture perfection with the 50MP Sony large-aperture main camera (IMX882, f/1.5, OIS), an 8MP ultra-wide lens, and a 20MP HD Selfie shooter. TurboSnap Burst mode - up to 100 pictures captured in 4.4s | Ultimate Durability: Built to withstand the elements with advanced IP66, IP68, IP69, and IP69K water and dust resistance. Aero-space Grade Metal Frame with Corning️ Gorilla️ Glass 7i Protection"
https://www.amazon.in/Motorola-Pantone-Silhouette-Snapdragon-TurboPower/dp/B0GRMVNTDN/ref=sr_1_4,"Motorola Edge 70 Fusion (Pantone Silhouette, 8GB RAM, 128GB Storage) | 6.78"" 1.5K 144Hz AMOLED Display | Snapdragon 7s Gen 4 | 50MP Sony LYTIA 710 OIS Camera | 7000mAh Battery | 68W TurboPower |",₹26585.,N/A,38%,https://m.media-amazon.com/images/I/41ScDr67t5L.jpg,4.1 out of 5 stars,(79),Motorola,6.78″ 144 Hz AMOLED Display – Super HD + HDR10+ panel with up to 5200 nits peak brightness for vibrant visuals.
https://www.amazon.in/Motorola-Pantone-Silhouette-Snapdragon-TurboPower/dp/B0H4Z3KZSW/ref=cs_sr_dp_2,"Motorola Edge 70 Pro+ 5G (Sculpted Wood Pantone Chicory Coffee Brown, 12GB RAM, 256GB Storage) | Dimensity 8500 Extreme Processor | 50MP + 50MP + 50MP Triple AI Camera |6.8"" pOLED Display|",₹48999.,N/A,N/A,https://m.media-amazon.com/images/I/71CP3g7EobL._SL1440_.jpg,Previous page,N/A,Motorola,"FLAGSHIP DIMENSITY 8500 EXTREME PROCESSOR: Powerful Octa-Core chipset with up to 3.4GHz clock speed for gaming, multitasking, streaming, and high-speed 5G performance | 12GB RAM + 256GB STORAGE: Smooth app switching, efficient multitasking, and ample space for photos, videos, games, applications, and files | 50MP + 50MP + 50MP TRIPLE CAMERA SYSTEM: Capture stunning photos, detailed portraits, wide-angle shots, and professional-quality content with advanced camera technology | 50MP FRONT CAMERA: High-resolution selfies, crystal-clear video calls, and content creation with enhanced clarity and detail | 6.8-INCH IMMERSIVE pOLED DISPLAY: Enjoy vibrant visuals, rich colors, sharp details, and an engaging viewing experience for entertainment and productivity | 6500mAh BATTERY: Long-lasting battery performance designed for gaming, streaming, communication, and all-day usage | PREMIUM SCULPTED WOOD DESIGN: Distinctive PANTONE Chicory Coffee Brown finish combining luxury craftsmanship with modern aesthetics and comfortable ergonomics | 5G CONNECTIVITY: Experience ultra-fast download and upload speeds, seamless streaming, and responsive online gaming with advanced 5G network support"
https://www.amazon.in/Motorola-Pantone-Silhouette-Snapdragon-TurboPower/dp/B0GQ75LDSZ/ref=cs_sr_dp_3,"Motorola Edge 70 Pro+ 5G (Twill Inspired Pantone Stormy Sea Green, 12GB RAM, 256GB Storage) | Dimensity 8500 Extreme Processor | 50MP + 50MP + 50MP Triple AI Camera |6.8"" pOLED Display|",₹48999.,N/A,42%,https://m.media-amazon.com/images/I/61g-mMPHgRL._SL1000_.jpg,Previous page,N/A,Motorola,"DIMENSITY 8500 EXTREME PERFORMANCE: Powerful Octa-Core processor with up to 3.4GHz clock speed for gaming, multitasking, streaming, and ultra-fast 5G connectivity | 12GB RAM + 256GB STORAGE: Experience seamless multitasking and store thousands of photos, videos, apps, games, and important files with ease | 50MP + 50MP + 50MP TRIPLE CAMERA SYSTEM: Capture professional-quality photos with advanced imaging technology, enhanced detail, and versatile shooting modes | 50MP FRONT CAMERA: High-resolution selfies, video calls, and content creation with impressive clarity and natural color reproduction | 6.8-INCH IMMERSIVE pOLED DISPLAY: Enjoy vibrant visuals, deep contrast, sharp details, and an enhanced viewing experience for entertainment and productivity | 6500mAh BATTERY: Long-lasting battery life designed to support gaming, streaming, communication, and everyday usage without frequent charging | PREMIUM DESIGN: Twill Inspired finish in sophisticated PANTONE Stormy Sea Green color delivers elegant aesthetics and premium craftsmanship for a distinctive look"
https://www.amazon.in/Motorola-Pantone-Silhouette-Snapdragon-TurboPower/dp/B0H4YYLSVN/ref=cs_sr_dp_4,"Motorola Edge 70 Pro+ 5G (Satin-Luxe Pantone Zinfandel Maroon, 12GB RAM, 256GB Storage) | Dimensity 8500 Extreme Processor | 50MP + 50MP + 50MP Triple AI Camera |6.8"" FHD+ pOLED Display|",₹48999.,"₹14,99,900.00",N/A,https://m.media-amazon.com/images/I/61kq+HxjJRL._SL1440_.jpg,Previous page,N/A,Motorola,"FLAGSHIP PERFORMANCE: MediaTek Dimensity 8500 Extreme Octa-Core processor with up to 3.4GHz clock speed delivers ultra-fast performance for gaming, multitasking, streaming, and 5G connectivity. | 12GB RAM + 256GB STORAGE: Enjoy seamless multitasking and store thousands of photos, videos, applications, games, and important documents with ample storage capacity. | 50MP + 50MP + 50MP TRIPLE CAMERA SYSTEM: Capture stunning photos, detailed portraits, wide-angle shots, and professional-quality images with Motorola's advanced camera technology. | 50MP HIGH-RESOLUTION SELFIE CAMERA: Create detailed selfies, high-quality video calls, and social media content with enhanced clarity and vibrant color reproduction. | 6.8-INCH IMMERSIVE pOLED DISPLAY: Enjoy vibrant visuals, sharp details, deep contrast, and an engaging viewing experience for entertainment, gaming, and productivity. | 6500mAh LONG-LASTING BATTERY: Stay connected longer with a powerful battery designed to support extended gaming, streaming, productivity, and everyday usage."
https://www.amazon.in/OnePlus-Snapdragon-Segments-Fastest-Response/dp/B0GWLV615M/ref=sr_1_5,"OnePlus Nord CE6 | 8GB+256GB | Lunar Pearl | Snapdragon 7s Gen 4 | Segment's Fastest Touch Response | 8000mAh Battery | 144Hz 1.5K AMOLED Display | 50MP Main + 32MP Selfie 4K Cameras | IP66,68,69,69K",₹36999.,"₹19,900.00",16%,https://m.media-amazon.com/images/I/61XS3YRaPsL._SL1500_.jpg,4.2 out of 5 stars,"(1,092)",OnePlus,"Supercharged by Snapdragon 7s Gen 4 (Antutu 1.17 million+): Engineered for snappy-smooth performance, OnePlus Nord CE6 unleashes up to 144 FPS gameplay in optimised titles. Experience up to 6 hours of steady BGMI sessions with consistent, high-speed performance that never compromises. | Segment's Fastest Touch Response: Built for ultra-responsive gameplay, OnePlus Nord CE6 delivers industry-leading 3200Hz instant touch sampling rate, ensuring faster inputs, precise control, and a competitive edge in every move. | 8000mAh “2.5+ Days"" Battery: Experience 10 hours of BGMI, 17.5 hours of GPS, or 30 hours of streaming on a single charge. It doubles as a power bank to charge anything via 27W reverse charging, while 80W SUPERVOOC gets you back in action with hours of use from just minutes of charging. | 144Hz 1.5K AMOLED Display: Enjoy ultra-fluid scrolling and gameplay with a 144Hz refresh rate for seamless interaction. From being crystal-clear in direct sunlight (1800 nits HBM) to being gentle on your eyes at night (3840Hz high-frequency PWM), this display is designed for unmatched clarity, day or night. | 4K Front and Back Clarity: 50MP 4K main camera with dual-axis OIS for stable, detailed shots and videos. 32MP 4K selfie camera with autofocus and 90° wide-angle capture for perfect groufies, even in low light. Elevate your photos with OnePlus AI like AI Portrait Glow, AI Perfect Shot, AI Eraser, AI Unblur, and more. | Military-grade Durability with IP66,68,69,69K: Certified with the industry's most complete IP ratings, the Nord CE6 is built to resist deep immersion, hot water, and high-pressure jets. It has passed rigorous american military-grade standards, proven to survive being burnt, frozen, salt-corroded, and dropped over 25 times onto steel surfaces for total reliability. | Smoothness for 6 Years, Built to Last: Powered by the latest OxygenOS 16, the Nord CE6 stays fast and smooth for work, study, and play. With a Rated A system fluency and 6-year battery health, your phone is engineered to deliver a ""like-new"" experience for years to come."
https://www.amazon.in/OnePlus-Snapdragon-Segments-Fastest-Response/dp/B0GWLDWKF3/ref=cs_sr_dp_2,"OnePlus Nord CE6 | 8GB+256GB | Fresh Blue | Snapdragon 7s Gen 4 | Segment's Fastest Touch Response | 8000mAh Battery | 144Hz 1.5K AMOLED Display | 50MP Main + 32MP Selfie 4K Cameras | IP66,68,69,69K",₹36999.,₹334.95,16%,https://m.media-amazon.com/images/I/61EC3mmirsL._SL1500_.jpg,4.2 out of 5 stars,"(1,092)",OnePlus,"Supercharged by Snapdragon 7s Gen 4 (Antutu 1.17 million+): Engineered for snappy-smooth performance, OnePlus Nord CE6 unleashes up to 144 FPS gameplay in optimised titles. Experience up to 6 hours of steady BGMI sessions with consistent, high-speed performance that never compromises. | Segment's Fastest Touch Response: Built for ultra-responsive gameplay, OnePlus Nord CE6 delivers industry-leading 3200Hz instant touch sampling rate, ensuring faster inputs, precise control, and a competitive edge in every move. | 8000mAh “2.5+ Days"" Battery: Experience 10 hours of BGMI, 17.5 hours of GPS, or 30 hours of streaming on a single charge. It doubles as a power bank to charge anything via 27W reverse charging, while 80W SUPERVOOC gets you back in action with hours of use from just minutes of charging. | 144Hz 1.5K AMOLED Display: Enjoy ultra-fluid scrolling and gameplay with a 144Hz refresh rate for seamless interaction. From being crystal-clear in direct sunlight (1800 nits HBM) to being gentle on your eyes at night (3840Hz high-frequency PWM), this display is designed for unmatched clarity, day or night. | 4K Front and Back Clarity: 50MP 4K main camera with dual-axis OIS for stable, detailed shots and videos. 32MP 4K selfie camera with autofocus and 90° wide-angle capture for perfect groufies, even in low light. Elevate your photos with OnePlus AI like AI Portrait Glow, AI Perfect Shot, AI Eraser, AI Unblur, and more. | Military-grade Durability with IP66,68,69,69K: Certified with the industry's most complete IP ratings, the Nord CE6 is built to resist deep immersion, hot water, and high-pressure jets. It has passed rigorous american military-grade standards, proven to survive being burnt, frozen, salt-corroded, and dropped over 25 times onto steel surfaces for total reliability. | Smoothness for 6 Years, Built to Last: Powered by the latest OxygenOS 16, the Nord CE6 stays fast and smooth for work, study, and play. With a Rated A system fluency and 6-year battery health, your phone is engineered to deliver a ""like-new"" experience for years to come."
https://www.amazon.in/OnePlus-Snapdragon-Segments-Fastest-Response/dp/B0GWLJL55D/ref=cs_sr_dp_3,"OnePlus Nord CE6 | 8GB+256GB | Pitch Black | Snapdragon 7s Gen 4 | Segment's Fastest Touch Response | 8000mAh Battery | 144Hz 1.5K AMOLED Display | 50MP Main + 32MP Selfie 4K Cameras | IP66,68,69,69K",₹36999.,N/A,16%,https://m.media-amazon.com/images/I/61Di24QT6GL._SL1500_.jpg,4.2 out of 5 stars,"(1,092)",OnePlus,"Supercharged by Snapdragon 7s Gen 4 (Antutu 1.17 million+): Engineered for snappy-smooth performance, OnePlus Nord CE6 unleashes up to 144 FPS gameplay in optimised titles. Experience up to 6 hours of steady BGMI sessions with consistent, high-speed performance that never compromises. | Segment's Fastest Touch Response: Built for ultra-responsive gameplay, OnePlus Nord CE6 delivers industry-leading 3200Hz instant touch sampling rate, ensuring faster inputs, precise control, and a competitive edge in every move. | 8000mAh “2.5+ Days"" Battery: Experience 10 hours of BGMI, 17.5 hours of GPS, or 30 hours of streaming on a single charge. It doubles as a power bank to charge anything via 27W reverse charging, while 80W SUPERVOOC gets you back in action with hours of use from just minutes of charging. | 144Hz 1.5K AMOLED Display: Enjoy ultra-fluid scrolling and gameplay with a 144Hz refresh rate for seamless interaction. From being crystal-clear in direct sunlight (1800 nits HBM) to being gentle on your eyes at night (3840Hz high-frequency PWM), this display is designed for unmatched clarity, day or night. | 4K Front and Back Clarity: 50MP 4K main camera with dual-axis OIS for stable, detailed shots and videos. 32MP 4K selfie camera with autofocus and 90° wide-angle capture for perfect groufies, even in low light. Elevate your photos with OnePlus AI like AI Portrait Glow, AI Perfect Shot, AI Eraser, AI Unblur, and more. | Military-grade Durability with IP66,68,69,69K: Certified with the industry's most complete IP ratings, the Nord CE6 is built to resist deep immersion, hot water, and high-pressure jets. It has passed rigorous american military-grade standards, proven to survive being burnt, frozen, salt-corroded, and dropped over 25 times onto steel surfaces for total reliability. | Smoothness for 6 Years, Built to Last: Powered by the latest OxygenOS 16, the Nord CE6 stays fast and smooth for work, study, and play. With a Rated A system fluency and 6-year battery health, your phone is engineered to deliver a ""like-new"" experience for years to come."
https://www.amazon.in/Samsung-Sapphire-Storage-Upgrades-Lag-Free/dp/B0FN7RN9TH/ref=sr_1_6,"Samsung Galaxy M17 5G Mobile (Sapphire Black, 4GB RAM, 128GB Storage) | 50MP OIS Triple Camera | Gorilla Glass Victus | IP54 | 6 Gen OS Upgrades | AI | Gemini Live | Lag-Free Gaming | Without Charger",₹14499.,N/A,12%,https://m.media-amazon.com/images/I/714QJQZszoL._SL1500_.jpg,4.0 out of 5 stars,"(3,497)",Samsung,"Monster Camera - 50MP OIS (F1.8) Main Wide Angle Camera + 5MP (F2.2) Ultra Wide Angle Camera + 2MP Macro Angle Camera, 13MP (F2.0) Selfie Camera, Video Maximum Resolution of FHD (1920 x 1080) at 30fps. | Monster Durability and Design - Segment's Slimmest smartphone with 7.5mm stunning design. Be worry free with Segment's best durability with Gorilla Glass Victus and IP54 Rating. | AI Monster – Make your search intelligent with Circle to Search with Google and Gemini Live. Powerful Exynos 1330 Processor, Android 15 Operating System having One UI 7.0 platform, 2.4GHz, 2GHz Clock Speed with Octa-Core Processor, All 5G bands. | Monster Display - Captivating your viewing experience with 6.7 inches Super AMOLED Display, FHD+ Resolution with 1080 x 2340 Pixels and 90Hz Refresh Rate, Lag free gaming. | Monster Upgrades and Convenience - Segment best 6 years Security and OS Upgrades. Monster battery - Get a massive 5000mAh Battery with C-Type Fast Charging (25W Charging Support) for an uninterrupted mobile experience. Samsung Wallet with Tap and Pay and Knox Security."
https://www.amazon.in/Samsung-Sapphire-Storage-Upgrades-Lag-Free/dp/B0FN7TJYDK/ref=cs_sr_dp_2,"Samsung Galaxy M17 5G Mobile (Moonlight Silver, 4GB RAM, 128GB Storage) | 50MP OIS Triple Camera | Gorilla Glass Victus| IP54 | 6 Gen OS Upgrades | AI | Gemini Live | Lag-free Gaming | Without Charger",₹14499.,N/A,12%,https://m.media-amazon.com/images/I/71iOhPwpVoL._SL1500_.jpg,4.0 out of 5 stars,"(3,497)",Samsung,"Monster Camera - 50MP OIS (F1.8) Main Wide Angle Camera + 5MP (F2.2) Ultra Wide Angle Camera + 2MP Macro Angle Camera, 13MP (F2.0) Selfie Camera, Video Maximum Resolution of FHD (1920 x 1080) at 30fps. | Monster Durability and Design - Segment's Slimmest smartphone with 7.5mm stunning design. Be worry free with Segment's best durability with Gorilla Glass Victus and IP54 Rating. | AI Monster – Make your search intelligent with Circle to Search with Google and Gemini Live. Powerful Exynos 1330 Processor, Android 15 Operating System having One UI 7.0 platform, 2.4GHz, 2GHz Clock Speed with Octa-Core Processor, All 5G bands. | Monster Display - Captivating your viewing experience with 6.7 inches Super AMOLED Display, FHD+ Resolution with 1080 x 2340 Pixels and 90Hz Refresh Rate, Lag free gaming. | Monster Upgrades and Convenience - Segment best 6 years Security and OS Upgrades. Monster battery - Get a massive 5000mAh Battery with C-Type Fast Charging (25W Charging Support) for an uninterrupted mobile experience. Samsung Wallet with Tap and Pay and Knox Security."
https://www.amazon.in/Samsung-Icyblue-Storage-Snapdragon-Display/dp/B0H2J3PRKV/ref=sr_1_8,"Samsung Galaxy S25 5G (Icyblue, 12GB RAM, 256GB Storage) | Snapdragon 8 Elite for Galaxy | 50MP Triple Camera | 12MP Front Camera | 6.2"" Full HD+ Display | 4000mAh Battery",₹60900.,N/A,25%,https://m.media-amazon.com/images/I/61YWiaTN6KL._SL1500_.jpg,4.4 out of 5 stars,(210),Samsung,"12MP Front Camera: Clear selfies and high-quality video calling experience | Snapdragon 8 Elite for Galaxy Processor: Ultra-fast performance for gaming, multitasking, AI-powered features, and demanding applications | 12GB RAM and 256GB Storage: Seamless multitasking operation with extensive space for apps, photos, videos, and media files | 50MP Triple Camera System: Professional-quality photography with advanced rear camera setup featuring primary sensor, telephoto, and ultra-wide cameras | 6.2-inch Full HD+ Display: Sharp visuals and vibrant colors delivering an immersive viewing experience in a compact form factor | 4000mAh Battery: Long-lasting power to keep you connected throughout the day with reliable battery performance"
https://www.amazon.in/Samsung-Icyblue-Storage-Snapdragon-Display/dp/B0H3G7H1N7/ref=cs_sr_dp_2,"Samsung Galaxy S26 5G (Cobalt Violet, 12GB RAM, 256GB Storage) | Exynos 2600 Processor | 50MP + 12MP Dual Camera | 12MP Front Camera | 6.3"" Full HD+ Display | 4300mAh Li-Ion Battery",₹71999.,N/A,8%,https://m.media-amazon.com/images/I/615cGD-5efL._SL1500_.jpg,4.4 out of 5 stars,(210),Samsung,"Exynos 2600 Processor: Flagship-grade performance for gaming, multitasking, AI-powered features, and productivity | 12GB RAM + 256GB Storage: Fast performance with ample space for apps, photos, videos, and files | 50MP + 12MP Dual Camera System: Capture detailed photos, vibrant colors, and stunning landscapes with advanced imaging capabilities | 12MP Front Camera: High-quality selfies and crystal-clear video calls | 6.3-inch Full HD+ Display: Compact premium display with sharp visuals and immersive viewing experience | 4300mAh Battery: Efficient battery performance optimized for daily productivity and entertainment | Cobalt Violet Finish: Premium Samsung design with a distinctive and elegant appearance | 5G Connectivity: Experience ultra-fast download and upload speeds, seamless streaming, and enhanced network performance for next-generation mobile connectivity"
https://www.amazon.in/Samsung-Icyblue-Storage-Snapdragon-Display/dp/B0FNMQW9HW/ref=cs_sr_dp_3,"Samsung Galaxy S25 FE 5G Smartphone with Galaxy AI (JetBlack, 8GB RAM, 128GB Storage), 12MP Front Camera, ProVisual Engine, Long Battery Life",₹45880.,₹299.67,24%,https://m.media-amazon.com/images/I/4143cMel2GL._SL1000_.jpg,4.4 out of 5 stars,(210),Samsung,"Slimmer, Lighter and Ready to Impress - At just 7.4mm thin and 190 grams light, Galaxy S25 FE is the thinnest and lightest FE yet. Now get more immersive viewing display with slimmest bezel to date along with a floating camera design for a sleek look. Now, it is easier to hold so you can get things done comfortably including hassle free payments through Samsung Wallet. | AI for All - Enter the new era of Galaxy AI with a true AI companion that stays one-step ahead of your needs. Now you can perfect your shots with AI-powered Generative Edit of Photo Assist, remove background noise with Audio Eraser or edit smarter and faster with Auto Trim, seamlessly on the all-new One UI 8.0. And, the best part is you can keep your personal data safe with complete on-device protection powered by Knox vault. | Best Camera with AI ProVisual Engine - Clear, vibrant and stunningly detailed selfies with 12MP front camera. And, with low noise mode reduce grain and enhance crisp details for sharp photos or videos-even in low-light conditions. | Turbocharged Speed - Equipped with our flagship performance processor, hardware based ray-tracing and a 13% larger vapor chamber, now enjoy ultra-smooth gaming, faster responsiveness and more realistic life-like graphics. | Reliable, All-day Battery - Galaxy S25 FE features a long-lasting 4900mAh battery, for all-day performance. It supports fast charging up to 45 W wired charger and wireless charging at up to 15W."
https://www.amazon.in/Samsung-Icyblue-Storage-Snapdragon-Display/dp/B0H3FC1F56/ref=cs_sr_dp_4,"Samsung Galaxy S25 5G (Mint, 12GB RAM, 128GB Storage) | Snapdragon 8 Elite for Galaxy Processor | 50MP Triple Camera | 6.2-inch Dynamic AMOLED 2X Display | 4000mAh Battery | 5G Smartphone",₹58970.,"₹1,199.50",21%,https://m.media-amazon.com/images/I/61NH1aEF+-L._SL1440_.jpg,4.4 out of 5 stars,(210),Samsung,"Powerful Snapdragon 8 Elite for Galaxy Processor Experience flagship-level speed and efficiency with the latest Snapdragon 8 Elite for Galaxy octa-core processor clocked up to 4.47GHz. | 12GB RAM & 128GB Storage Enjoy seamless multitasking, faster app launches, and ample space for photos, videos, games, and apps. | Pro-Grade Triple Camera System Capture every moment in stunning detail with a 50MP main camera, 10MP telephoto lens, and 12MP ultra-wide camera. | 6.2-inch Dynamic AMOLED 2X Display Enjoy vibrant colors, deep contrasts, and smooth visuals on Samsung's premium AMOLED display technology. | 5G Connectivity & Advanced Features Stay connected with ultra-fast 5G speeds, enhanced AI capabilities, and premium Galaxy ecosystem integration. | Premium Design with All-Day Battery The stylish Mint finish, compact form factor, and reliable 4000mAh battery make it ideal for everyday use."
https://www.amazon.in/Samsung-Icyblue-Storage-Snapdragon-Display/dp/B0FNMR6KTQ/ref=cs_sr_dp_5,"Samsung Galaxy S25 FE 5G Smartphone with Galaxy AI (Navy, 8GB RAM, 128GB Storage), 12MP Front Camera, ProVisual Engine, Long Battery Life",₹45499.,₹299.67,24%,https://m.media-amazon.com/images/I/41SkNCz6FXL._SL1440_.jpg,4.4 out of 5 stars,(210),Samsung,"Slimmer, Lighter and Ready to Impress - At just 7.4mm thin and 190 grams light, Galaxy S25 FE is the thinnest and lightest FE yet. Now get more immersive viewing display with slimmest bezel to date along with a floating camera design for a sleek look. Now, it is easier to hold so you can get things done comfortably including hassle free payments through Samsung Wallet. | AI for All - Enter the new era of Galaxy AI with a true AI companion that stays one-step ahead of your needs. Now you can perfect your shots with AI-powered Generative Edit of Photo Assist, remove background noise with Audio Eraser or edit smarter and faster with Auto Trim, seamlessly on the all-new One UI 8.0. And, the best part is you can keep your personal data safe with complete on-device protection powered by Knox vault. | Best Camera with AI ProVisual Engine - Clear, vibrant and stunningly detailed selfies with 12MP front camera. And, with low noise mode reduce grain and enhance crisp details for sharp photos or videos-even in low-light conditions. | Turbocharged Speed - Equipped with our flagship performance processor, hardware based ray-tracing and a 13% larger vapor chamber, now enjoy ultra-smooth gaming, faster responsiveness and more realistic life-like graphics. | Reliable, All-day Battery - Galaxy S25 FE features a long-lasting 4900mAh battery, for all-day performance. It supports fast charging up to 45 W wired charger and wireless charging at up to 15W."
https://www.amazon.in/Samsung-Icyblue-Storage-Snapdragon-Display/dp/B0H3FN92VB/ref=cs_sr_dp_6,"Samsung Galaxy S25 5G (Silver Shadow, 12GB RAM, 128GB Storage) | Snapdragon 8 Elite for Galaxy Processor | 50MP Triple Camera | 6.2-inch Dynamic AMOLED 2X Display | 4000mAh Battery | 5G Smartphone",₹59250.,N/A,21%,https://m.media-amazon.com/images/I/61-uXPqYAlL._SL1440_.jpg,4.4 out of 5 stars,(210),Samsung,"Snapdragon 8 Elite for Galaxy Processor Enjoy flagship-level performance with an advanced octa-core processor clocked up to 4.47GHz for smooth gaming and multitasking. | 12GB RAM + 128GB Storage Experience faster app launches, seamless multitasking, and ample storage for your files, photos, and videos. | Advanced Triple Rear Camera Capture stunning photos with a 50MP primary camera, 10MP telephoto lens, and 12MP ultra-wide camera. | 6.2-inch Dynamic AMOLED 2X Display Enjoy vivid colors, sharp details, and fluid visuals on Samsung's premium display technology. | Fast 5G Connectivity Stay connected with ultra-fast download speeds, low latency, and enhanced network performance. | Premium Silver Shadow Design Elegant Silver Shadow finish paired with a lightweight and durable design for everyday comfort."
https://www.amazon.in/realme-Thunder-7000mAh-Battery-Octa-core/dp/B0GTRM616F/ref=sr_1_9,"realme narzo 100 Lite 5G (Thunder Black,4GB+128GB) | 7000mAh Titan Battery | 4 Years, Zero Lag | 144 Hz Ultra Bright Display | 6 nm Octa-core 5G Chipset | Color Pop Design | VC Cooling",₹16499.,"₹4,47,000.00",41%,https://m.media-amazon.com/images/I/81VLfISX7NL._SL1500_.jpg,4.1 out of 5 stars,(150),realme,"7000mAh Battery Smartphone: realme NARZO 100 Lite 5G packs a 7000mAh Titan Battery for up to 140 hrs music, 22 hrs WhatsApp, and 11+ hrs gaming. | 144 Hz Ultra Bright Display: realme NARZO 100 Lite 5G features a 17.27 cm (6.8"") 144Hz Ultra Bright Display with 900 nits brightness and DC Dimming for smooth, clear viewing. | 4 Years, Zero Lag: realme NARZO 100 Lite 5G with Flux Engine + AI Boost ensures 4-Year Zero-Lag with faster, smoother, and more efficient performance. | Up to 14GB Dynamic RAM & 128GB ROM: realme NARZO 100 Lite 5G offers up to 14GB Dynamic RAM + 128GB ROM for seamless multitasking and storage. | 6 nm Octa-core 5G Chipset: realme NARZO 100 Lite 5G powered by Dimensity 6300 (6nm) with 560K+ AnTuTu score delivers powerful, long-term performance."
https://www.amazon.in/realme-Thunder-7000mAh-Battery-Octa-core/dp/B0GTRHJYYF/ref=cs_sr_dp_2,"realme narzo 100 Lite 5G (Frost Silver,4GB+128GB) | 7000mAh Titan Battery | 4 Years, Zero Lag | 144 Hz Ultra Smooth Display | 6 nm Octa-core 5G Chipset | Color Pop Design | VC Cooling",₹16499.,"₹4,47,000.00",41%,https://m.media-amazon.com/images/I/81vHnwGKVSL._SL1500_.jpg,4.1 out of 5 stars,(150),realme,"7000mAh Battery Smartphone: realme NARZO 100 Lite 5G packs a 7000mAh Titan Battery for up to 140 hrs music, 22 hrs WhatsApp, and 11+ hrs gaming. | 144 Hz Ultra Bright Display: realme NARZO 100 Lite 5G features a 17.27 cm (6.8"") 144Hz Ultra Bright Display with 900 nits brightness and DC Dimming for smooth, clear viewing. | 4 Years, Zero Lag: realme NARZO 100 Lite 5G with Flux Engine + AI Boost ensures 4-Year Zero-Lag with faster, smoother, and more efficient performance. | Up to 14GB Dynamic RAM & 128GB ROM: realme NARZO 100 Lite 5G offers up to 14GB Dynamic RAM + 128GB ROM for seamless multitasking and storage. | 6 nm Octa-core 5G Chipset: realme NARZO 100 Lite 5G powered by Dimensity 6300 (6nm) with 560K+ AnTuTu score delivers powerful, long-term performance."
https://www.amazon.in/OnePlus-Segments-Dimensity-Processor-Recording/dp/B0GVYXPZBS/ref=sr_1_10,"OnePlus Nord CE6 Lite | 8GB+128GB | Hyper Black | Segment's Fastest Dimensity 7400 Apex Processor | 7000mAh Battery | Segment's Highest 144Hz Refresh Rate | 50MP Main Camera, 4K Video Recording",₹27999.,"₹19,900.00",18%,https://m.media-amazon.com/images/I/61T18EfkX0L._SL1500_.jpg,4.2 out of 5 stars,(784),OnePlus,"Segment's fastest phone with 1.03Mn+ AnTuTu score: MediaTek Dimensity 7400 Apex Processor with enhanced performance, an advanced power-efficient chip, delivering smoother multitasking, faster app launches, and a lag-free everyday experience. | Massive 7000mAh Battery: More Power, Less Charging. Power that lasts up to 2 days with a massive 7000mAh battery, backed by 45W SUPERVOOC fast charging for quick top-ups. Enjoy up to 81.7 hours of music playback, 26.2 hours of YouTube streaming, and 11.7 hours of video calls on a full charge. Even a quick 10-minute charge gives you up to 7.5 hours of calls, 2.2 hours of YouTube, and 1.4 hours of gaming. | Segment's highest FPS for gaming: Experience the segment’s highest FPS for gaming with up to 144 FPS support for ultra-smooth, responsive gameplay and up to 90 FPS for top-rated shooters. Stay ahead with faster reactions and seamless performance. Plus, a category-leading 5,300 mm² VC cooling system and 5G++ network to keep your intense gaming cool and smooth, ensuring stable performance so you can play longer and win more. | Segment's highest 144Hz refresh rate display: Enjoy a super-smooth 144Hz display that delivers fast, fluid visuals in every swipe. Experience clear viewing even in bright sunlight with up to 1000 nits peak brightness for an immersive experience. With Aqua Touch for precise control, even with wet or oil fingers, everything feels fast, clear, and effortless. | 4K video recording. Triple Camera. Made for Every Moment: 50MP main camera, 8MP front camera, and 2MP depth-assist camera, built to capture every moment with clarity. Capture every moment in 4K at 30 FPS with sharper detail and smoother motion. Bring memories to life with 4K Motion Photos, rich, vivid, and ready to replay. | Smoothness for 5 Years, Built for You: Real-world toughness meets military-grade durability, built to stay fast and smooth for 5 years."
https://www.amazon.in/OnePlus-Segments-Dimensity-Processor-Recording/dp/B0GVYGLNH7/ref=cs_sr_dp_2,"OnePlus Nord CE6 Lite | 8GB+128GB | Vivid Mint | Segment's Fastest Dimensity 7400 Apex Processor | 7000mAh Battery | Segment's Highest 144Hz Refresh Rate | 50MP Main Camera, 4K Video Recording",₹27999.,N/A,18%,https://m.media-amazon.com/images/I/61bbly9wcKL._SL1500_.jpg,4.2 out of 5 stars,(784),OnePlus,"Segment's fastest phone with 1.03Mn+ AnTuTu score: MediaTek Dimensity 7400 Apex Processor with enhanced performance, an advanced power-efficient chip, delivering smoother multitasking, faster app launches, and a lag-free everyday experience. | Massive 7000mAh Battery: More Power, Less Charging. Power that lasts up to 2 days with a massive 7000mAh battery, backed by 45W SUPERVOOC fast charging for quick top-ups. Enjoy up to 81.7 hours of music playback, 26.2 hours of YouTube streaming, and 11.7 hours of video calls on a full charge. Even a quick 10-minute charge gives you up to 7.5 hours of calls, 2.2 hours of YouTube, and 1.4 hours of gaming. | Segment's highest FPS for gaming: Experience the segment’s highest FPS for gaming with up to 144 FPS support for ultra-smooth, responsive gameplay and up to 90 FPS for top-rated shooters. Stay ahead with faster reactions and seamless performance. Plus, a category-leading 5,300 mm² VC cooling system and 5G++ network to keep your intense gaming cool and smooth, ensuring stable performance so you can play longer and win more. | Segment's highest 144Hz refresh rate display: Enjoy a super-smooth 144Hz display that delivers fast, fluid visuals in every swipe. Experience clear viewing even in bright sunlight with up to 1000 nits peak brightness for an immersive experience. With Aqua Touch for precise control, even with wet or oil fingers, everything feels fast, clear, and effortless. | 4K video recording. Triple Camera. Made for Every Moment: 50MP main camera, 8MP front camera, and 2MP depth-assist camera, built to capture every moment with clarity. Capture every moment in 4K at 30 FPS with sharper detail and smoother motion. Bring memories to life with 4K Motion Photos, rich, vivid, and ready to replay. | Smoothness for 5 Years, Built for You: Real-world toughness meets military-grade durability, built to stay fast and smooth for 5 years."
https://www.amazon.in/Storage-Segments-Fastest-Processor-Smoothest/dp/B0GS5Y7QBF/ref=sr_1_11,"REDMI A7 Pro 5G (Mist Blue, 4GB RAM, 64GB Storage) | Segment's Fastest Processor | Segment's Largest Battery | Segment's Largest & Smoothest 6.9in 120Hz Display",₹14999.,"₹4,47,000.00",6%,https://m.media-amazon.com/images/I/71eQsL8sqcL._SL1500_.jpg,3.4 out of 5 stars,(877),Redmi,Segment's Fastest Processor - Octa-core 5G Processor | Segment's Largest 17.53cm(6.9) & Smoothest 120Hz Display | Segment's only Triple TUV certified display | Segment's Largest 6300mAh Battery | 15W Quick Charging | 7.5W Wired Reversed Charging | 200% Volume Boost | 32MP AI Dual Camera | 8MP Selfie Shooter | Google Gemini and Circle to Search | HyperOS3 with Xiaomi HyperIsland
https://www.amazon.in/Storage-Segments-Fastest-Processor-Smoothest/dp/B0GS5SM6JR/ref=cs_sr_dp_2,"REDMI A7 Pro 5G (Black, 4GB RAM, 64GB Storage) | Segment's Fastest Processor | Segment's Largest Battery | Segment's Largest & Smoothest 6.9in 120Hz Display",₹14999.,"₹4,47,000.00",N/A,https://m.media-amazon.com/images/I/71AjkPyeFiL._SL1500_.jpg,3.4 out of 5 stars,(877),Redmi,Segment's Fastest Processor - Octa-core 5G Processor | Segment's Largest 17.53cm(6.9) & Smoothest 120Hz Display | Segment's only Triple TUV certified display | Segment's Largest 6300mAh Battery | 15W Quick Charging | 7.5W Wired Reversed Charging | 200% Volume Boost | 32MP AI Dual Camera | 8MP Selfie Shooter | Google Gemini and Circle to Search | HyperOS3 with Xiaomi HyperIsland
https://www.amazon.in/Storage-Segments-Fastest-Processor-Smoothest/dp/B0GS5N7M97/ref=cs_sr_dp_3,"REDMI A7 Pro 5G (Sunset Orange, 4GB RAM, 64GB Storage) | Segment's Fastest Processor | Segment's Largest Battery | Segment's Largest & Smoothest 6.9in 120Hz Display",₹14999.,"₹4,47,000.00",6%,https://m.media-amazon.com/images/I/71vHxfQK6SL._SL1500_.jpg,3.4 out of 5 stars,(877),Redmi,Segment's Fastest Processor - Octa-core 5G Processor | Segment's Largest 17.53cm(6.9) & Smoothest 120Hz Display | Segment's only Triple TUV certified display | Segment's Largest 6300mAh Battery | 15W Quick Charging | 7.5W Wired Reversed Charging | 200% Volume Boost | 32MP AI Dual Camera | 8MP Selfie Shooter | Google Gemini and Circle to Search | HyperOS3 with Xiaomi HyperIsland
https://www.amazon.in/Samsung-Storage-Smoothest-Refresh-Upgrades/dp/B0GN16HF5W/ref=sr_1_12,"Samsung Galaxy M17e 5G Mobile (Blitz Blue, 6GB RAM, 128GB Storage) | Smoothest 120 Hz Refresh Rate| Monster 6000 mAh Battery | IP54 | 6 Gen OS Upgrades | AI | Gemini Live | Without Charger",₹14999.,N/A,29%,https://m.media-amazon.com/images/I/71Bh3UaqszL._SL1500_.jpg,4.0 out of 5 stars,(501),Samsung,"Segment Smoothest Smartphone - 120 Hz Refresh Rate for a smooth scrolling experience, 6.7 Inch display with HD+ Resolution, Adaptive Brightness automatically adjusts screen brightness optimising visibility and saving battery life. 8.2mm sleek with Key Island Design. | Segment Longest 26-Hour Video Playback - Powered by a 6000 mAh Lithium-ion Battery, Segment-Leading Fast Charging Support of 25W. Its Adaptive Battery Technology automatically puts apps in sleeping or deep sleeping modes based on your usage, ensuring they do not drain your battery life in the background. | Segment Leading MediaTek Dimensity 6300 processor with Latest Android 16 Operating System having One UI 8.0, 2.4GHz, 2GHz Clock Speed with Octa-Core Processor, Upto 6GB of RAM, Memory Expandable upto 2 TB. | Galaxy M17e 5G comes with High resolution 50 MP Dual Camera. It allows you to take stunning and brighter pictures and videos. With its Secondary camera, you can capture sharper and clearer portrait pictures. Its Night Mode and F1.8 aperture allow more light to enter capturing sharper and brighter output even in low light. | Galaxy M17e 5G is Water and Dust resistant with IP54 ensuring protection against accidental splashes and dusty environments. Segment Best 6 Generations of OS upgrades and 6 years of Security Upgrades, Samsung Knox Vault for Software and Hardware Security, AI features of Google Gemini, Circle to Search with Google."
https://www.amazon.in/Samsung-Storage-Smoothest-Refresh-Upgrades/dp/B0GN1GWMBD/ref=cs_sr_dp_2,"Samsung Galaxy M17e 5G Mobile (Vibe Violet, 6GB RAM, 128GB Storage) | Smoothest 120 Hz Refresh Rate| Monster 6000 mAh Battery | IP54 | 6 Gen OS Upgrades | AI | Gemini Live | Without Charger",₹14999.,₹82.25,29%,https://m.media-amazon.com/images/I/7167KfKpKuL._SL1500_.jpg,4.0 out of 5 stars,(501),Samsung,"Segment Smoothest Smartphone - 120 Hz Refresh Rate for a smooth scrolling experience, 6.7 Inch display with HD+ Resolution, Adaptive Brightness automatically adjusts screen brightness optimising visibility and saving battery life. 8.2mm sleek with Key Island Design. | Segment Longest 26-Hour Video Playback - Powered by a 6000 mAh Lithium-ion Battery, Segment-Leading Fast Charging Support of 25W. Its Adaptive Battery Technology automatically puts apps in sleeping or deep sleeping modes based on your usage, ensuring they do not drain your battery life in the background. | Segment Leading MediaTek Dimensity 6300 processor with Latest Android 16 Operating System having One UI 8.0, 2.4GHz, 2GHz Clock Speed with Octa-Core Processor, Upto 6GB of RAM, Memory Expandable upto 2 TB. | Galaxy M17e 5G comes with High resolution 50 MP Dual Camera. It allows you to take stunning and brighter pictures and videos. With its Secondary camera, you can capture sharper and clearer portrait pictures. Its Night Mode and F1.8 aperture allow more light to enter capturing sharper and brighter output even in low light. | Galaxy M17e 5G is Water and Dust resistant with IP54 ensuring protection against accidental splashes and dusty environments. Segment Best 6 Generations of OS upgrades and 6 years of Security Upgrades, Samsung Knox Vault for Software and Hardware Security, AI features of Google Gemini, Circle to Search with Google."
https://www.amazon.in/Storage-Segments-Fastest-Processor-Smoothest/dp/B0GS5Y6BD3/ref=sr_1_13,"REDMI A7 Pro 5G (Mist Blue, 4GB RAM,128GB Storage) | Segment's Fastest Processor | Segment's Largest Battery | Segment's Largest & Smoothest 6.9in 120Hz Display",₹15999.,"₹4,47,000.00",6%,https://m.media-amazon.com/images/I/71eQsL8sqcL._SL1500_.jpg,3.4 out of 5 stars,(877),Redmi,Segment's Fastest Processor - Octa-core 5G Processor | Segment's Largest 17.53cm(6.9) & Smoothest 120Hz Display | Segment's only Triple TUV certified display | Segment's Largest 6300mAh Battery | 15W Quick Charging | 7.5W Wired Reversed Charging | 200% Volume Boost | 32MP AI Dual Camera | 8MP Selfie Shooter | Google Gemini and Circle to Search | HyperOS3 with Xiaomi HyperIsland
https://www.amazon.in/Storage-Segments-Fastest-Processor-Smoothest/dp/B0GS5M4VMH/ref=cs_sr_dp_2,"REDMI A7 Pro 5G (Black, 4GB RAM,128GB Storage) | Segment's Fastest Processor | Segment's Largest Battery | Segment's Largest & Smoothest 6.9in 120Hz Display",₹15999.,"₹4,47,000.00",6%,https://m.media-amazon.com/images/I/71AjkPyeFiL._SL1500_.jpg,3.4 out of 5 stars,(877),Redmi,Segment's Fastest Processor - Octa-core 5G Processor | Segment's Largest 17.53cm(6.9) & Smoothest 120Hz Display | Segment's only Triple TUV certified display | Segment's Largest 6300mAh Battery | 15W Quick Charging | 7.5W Wired Reversed Charging | 200% Volume Boost | 32MP AI Dual Camera | 8MP Selfie Shooter | Google Gemini and Circle to Search | HyperOS3 with Xiaomi HyperIsland
https://www.amazon.in/Storage-Segments-Fastest-Processor-Smoothest/dp/B0GS5V95DB/ref=cs_sr_dp_3,"REDMI A7 Pro 5G (Sunset Orange, 4GB RAM,128GB Storage) | Segment's Fastest Processor | Segment's Largest Battery | Segment's Largest & Smoothest 6.9in 120Hz Display",₹15999.,"₹4,47,000.00",6%,https://m.media-amazon.com/images/I/71vHxfQK6SL._SL1500_.jpg,3.4 out of 5 stars,(877),Redmi,Segment's Fastest Processor - Octa-core 5G Processor | Segment's Largest 17.53cm(6.9) & Smoothest 120Hz Display | Segment's only Triple TUV certified display | Segment's Largest 6300mAh Battery | 15W Quick Charging | 7.5W Wired Reversed Charging | 200% Volume Boost | 32MP AI Dual Camera | 8MP Selfie Shooter | Google Gemini and Circle to Search | HyperOS3 with Xiaomi HyperIsland
